{
  "movies": [
    {
      "title": "Star Wars",
      "year": 1977,
      "director": "George Lucas"
    },
    {
      "title": "The Empire Strikes Back",
      "year": 1980,
      "director": "Irvin Kershner"
    },
    {
      "title": "Return of the Jedi",
      "year": 1983,
      "director": "Richard Marquand"
    },
    {
      "title": "The Phantom Menace",
      "year": 1999,
      "director": "George Lucas"
    },
    {
      "title": "Attack of the Clones",
      "year": 2002,
      "director": "George Lucas"
    },
    {
      "title": "Revenge of the Sith",
      "year": 2005,
      "director": "George Lucas"
    },
    {
      "title": "The Force Awakens",
      "year": 2015,
      "director": "J.J. Abrams"
    }
  ]
}